Model,Accuracy,Precision,Recall,F1,ROC_AUC
XGBoost (Train),0.8641304347826086,0.8946015424164524,0.855036855036855,0.8743718592964824,0.9367452558941922
XGBoost (Test),0.8478260869565217,0.8854166666666666,0.8333333333333334,0.8585858585858586,0.9283835485413678
Random Forest (Train),0.8586956521739131,0.8722358722358723,0.8722358722358723,0.8722358722358723,0.9357632017206485
Random Forest (Test),0.8260869565217391,0.85,0.8333333333333334,0.8415841584158416,0.9305356288857006
Logistic Regression (Train),0.8233695652173914,0.850632911392405,0.8255528255528255,0.8379052369077307,0.9023546895887321
Logistic Regression (Test),0.842391304347826,0.8924731182795699,0.8137254901960784,0.8512820512820513,0.905428024868484
